Date,Tenor,Rate
2025-10-17,1W,4.265079920140649
2025-10-17,2W,4.189123719119222
2025-10-17,3W,4.118958758795459
2025-10-17,1M,4.059335203794208
2025-10-17,2M,3.974933830805023
2025-10-17,3M,3.887224492871344
2025-10-17,4M,3.821636682601419
2025-10-17,5M,3.773779169752114
2025-10-17,6M,3.720673372210606
2025-10-17,7M,3.67264407482413
2025-10-17,8M,3.634821176194879
2025-10-17,9M,3.593196777785705
2025-10-17,10M,3.551613465793539
2025-10-17,11M,3.515744112018246
2025-10-17,12M,3.480347946501448
2025-10-17,13M,3.442284998200351
2025-10-17,14M,3.40688782947498
2025-10-17,15M,3.37291770621449
2025-10-17,16M,3.3473979417809
2025-10-17,17M,3.325901708558154
2025-10-17,18M,3.303534757961503
2025-10-17,19M,3.286572268055426
2025-10-17,20M,3.270469938006065
2025-10-17,21M,3.257618114064083
2025-10-17,22M,3.249638621602528
2025-10-17,23M,3.243936647613658
2025-10-17,24M,3.239842365272044
2025-10-17,25M,3.232701907056161
2025-10-17,26M,3.226110909123905
2025-10-17,27M,3.219831947469296
2025-10-17,28M,3.214648394079005
2025-10-17,29M,3.210283823884893
2025-10-17,30M,3.206321027456332
2025-10-17,31M,3.203178453186785
2025-10-17,32M,3.200442054040442
2025-10-17,33M,3.198895392361153
2025-10-17,34M,3.197805742380633
2025-10-17,35M,3.197453241110884
2025-10-17,3Y,3.197814393367286
2025-10-17,4Y,3.216374259906716
2025-10-17,5Y,3.257014232082059
2025-10-17,6Y,3.310806592625516
2025-10-17,7Y,3.369976108190218
2025-10-17,8Y,3.431492846527516
2025-10-17,9Y,3.491726825506589
2025-10-17,10Y,3.549296171582808
2025-10-17,11Y,3.602437493545063
2025-10-17,12Y,3.655751727179544
2025-10-17,13Y,3.702663111699937
2025-10-17,14Y,3.742328520821942
2025-10-17,15Y,3.776323643727076
2025-10-17,16Y,3.805524525099764
2025-10-17,17Y,3.829538562449257
2025-10-17,18Y,3.849854628861835
2025-10-17,19Y,3.866964036510092
2025-10-17,20Y,3.876294036235334
2025-10-17,21Y,3.879440723841116
2025-10-17,22Y,3.882042340937286
2025-10-17,23Y,3.883861272014319
2025-10-17,24Y,3.885045699772475
2025-10-17,25Y,3.885446573445335
2025-10-17,26Y,3.883485097295239
2025-10-17,27Y,3.878401347378957
2025-10-17,28Y,3.871118573469096
2025-10-17,29Y,3.862782281989975
2025-10-17,30Y,3.854600396063632
2025-10-17,31Y,3.845784315543408
2025-10-17,32Y,3.835082456623994
2025-10-17,33Y,3.823561237053787
2025-10-17,34Y,3.811761640718984
2025-10-17,35Y,3.800527008602009
2025-10-17,36Y,3.790051091744907
2025-10-17,37Y,3.779706044264648
2025-10-17,38Y,3.769281289460358
2025-10-17,39Y,3.758760125982466
2025-10-17,40Y,3.747708421677337
2025-10-17,41Y,3.736738113855377
2025-10-17,42Y,3.725867480164541
2025-10-17,43Y,3.71499902295242
2025-10-17,44Y,3.703974522515754
2025-10-17,45Y,3.692780519166355
2025-10-17,46Y,3.681026320654911
2025-10-17,47Y,3.668798221129557
2025-10-17,48Y,3.655981609174053
2025-10-17,49Y,3.642066570461932
2025-10-17,50Y,3.627235383864233
2025-10-20,1W,4.199215243700917
2025-10-20,2W,4.111315461341269
2025-10-20,3W,4.050412484274995
2025-10-20,1M,4.01878496403954
2025-10-20,2M,3.943350592384288
2025-10-20,3M,3.876703109763537
2025-10-20,4M,3.808551810829112
2025-10-20,5M,3.763278208941703
2025-10-20,6M,3.710439575598799
2025-10-20,7M,3.661403546877497
2025-10-20,8M,3.624555263676758
2025-10-20,9M,3.586272464659749
2025-10-20,10M,3.547616024534742
2025-10-20,11M,3.510796011498172
2025-10-20,12M,3.479059298960987
2025-10-20,13M,3.438625270960487
2025-10-20,14M,3.402203611526692
2025-10-20,15M,3.371505230192726
2025-10-20,16M,3.343199553705991
2025-10-20,17M,3.322726956593065
2025-10-20,18M,3.303953173895265
2025-10-20,19M,3.28647425930751
2025-10-20,20M,3.27022056425352
2025-10-20,21M,3.257985218215445
2025-10-20,22M,3.247692649761106
2025-10-20,23M,3.239696808452076
2025-10-20,24M,3.233488700999022
2025-10-20,25M,3.223651980085814
2025-10-20,26M,3.216403369457101
2025-10-20,27M,3.209454858038674
2025-10-20,28M,3.203205114926686
2025-10-20,29M,3.198908989770365
2025-10-20,30M,3.194824005165477
2025-10-20,31M,3.191500859528326
2025-10-20,32M,3.189229188005548
2025-10-20,33M,3.187581558353409
2025-10-20,34M,3.186574342772972
2025-10-20,35M,3.186302728408799
2025-10-20,3Y,3.186656021233589
2025-10-20,4Y,3.201200419591949
2025-10-20,5Y,3.238303030803285
2025-10-20,6Y,3.290059324514312
2025-10-20,7Y,3.347074991109269
2025-10-20,8Y,3.404493811292886
2025-10-20,9Y,3.461267087434718
2025-10-20,10Y,3.517906165665487
2025-10-20,11Y,3.570018846949605
2025-10-20,12Y,3.622472853576344
2025-10-20,13Y,3.669468700079148
2025-10-20,14Y,3.709043659214541
2025-10-20,15Y,3.743460734754179
2025-10-20,16Y,3.772553202083755
2025-10-20,17Y,3.796477974721763
2025-10-20,18Y,3.816676053351491
2025-10-20,19Y,3.833804028524557
2025-10-20,20Y,3.842811014600853
2025-10-20,21Y,3.84536368428416
2025-10-20,22Y,3.847347420718231
2025-10-20,23Y,3.848736483106056
2025-10-20,24Y,3.849634258049377
2025-10-20,25Y,3.849931435590544
2025-10-20,26Y,3.847958021455162
2025-10-20,27Y,3.842652571670271
2025-10-20,28Y,3.835275293370974
2025-10-20,29Y,3.826777855106342
2025-10-20,30Y,3.818277881412277
2025-10-20,31Y,3.809210257534852
2025-10-20,32Y,3.798337678778811
2025-10-20,33Y,3.786669292745194
2025-10-20,34Y,3.774700336740586
2025-10-20,35Y,3.763296643047654
2025-10-20,36Y,3.752650309129882
2025-10-20,37Y,3.741925006106243
2025-10-20,38Y,3.731243698370337
2025-10-20,39Y,3.720600733354651
2025-10-20,40Y,3.70960340218412
2025-10-20,41Y,3.69860316220922
2025-10-20,42Y,3.687958454835791
2025-10-20,43Y,3.677249021817082
2025-10-20,44Y,3.666678296229944
2025-10-20,45Y,3.655809482151369
2025-10-20,46Y,3.6446130887421
2025-10-20,47Y,3.632783906391281
2025-10-20,48Y,3.62015917066396
2025-10-20,49Y,3.606657095031492
2025-10-20,50Y,3.592098883489366
2025-10-21,1W,4.233998425049828
2025-10-21,2W,4.133294530831972
2025-10-21,3W,4.065136503682074
2025-10-21,1M,4.036706812283445
2025-10-21,2M,3.958756118273113
2025-10-21,3M,3.887229778719007
2025-10-21,4M,3.812885222461823
2025-10-21,5M,3.76591884900788
2025-10-21,6M,3.715627338504034
2025-10-21,7M,3.670882350416364
2025-10-21,8M,3.629007240866935
2025-10-21,9M,3.589013411805398
2025-10-21,10M,3.549297642070437
2025-10-21,11M,3.512688970712907
2025-10-21,12M,3.478288956861946
2025-10-21,13M,3.435472514861609
2025-10-21,14M,3.403551766731559
2025-10-21,15M,3.372194127591583
2025-10-21,16M,3.343644386512314
2025-10-21,17M,3.321576420455635
2025-10-21,18M,3.300771786001085
2025-10-21,19M,3.282754869417426
2025-10-21,20M,3.266881391409131
2025-10-21,21M,3.254017561707961
2025-10-21,22M,3.242488339154441
2025-10-21,23M,3.234233563249596
2025-10-21,24M,3.227157294805169
2025-10-21,25M,3.21689836318283
2025-10-21,26M,3.208905054834623
2025-10-21,27M,3.201600382444235
2025-10-21,28M,3.195283659658323
2025-10-21,29M,3.190691194038678
2025-10-21,30M,3.186544727794807
2025-10-21,31M,3.183312629480165
2025-10-21,32M,3.18099496523994
2025-10-21,33M,3.179422972321047
2025-10-21,34M,3.178534883690255
2025-10-21,35M,3.178352716136795
2025-10-21,3Y,3.17886513078194
2025-10-21,4Y,3.193791961381947
2025-10-21,5Y,3.230039092414124
2025-10-21,6Y,3.280941656689349
2025-10-21,7Y,3.33648682408172
2025-10-21,8Y,3.393733077009386
2025-10-21,9Y,3.449945322493844
2025-10-21,10Y,3.505990997938982
2025-10-21,11Y,3.558263112386033
2025-10-21,12Y,3.610719575897973
2025-10-21,13Y,3.656554201603179
2025-10-21,14Y,3.695994894876573
2025-10-21,15Y,3.72980007585068
2025-10-21,16Y,3.758605039476516
2025-10-21,17Y,3.782510660812938
2025-10-21,18Y,3.802606951905306
2025-10-21,19Y,3.819778756628939
2025-10-21,20Y,3.828800777457313
2025-10-21,21Y,3.831482111577629
2025-10-21,22Y,3.833564990014225
2025-10-21,23Y,3.835063771197411
2025-10-21,24Y,3.836046302169228
2025-10-21,25Y,3.836360863920037
2025-10-21,26Y,3.834366461674197
2025-10-21,27Y,3.829192033907543
2025-10-21,28Y,3.821900272926294
2025-10-21,29Y,3.813501410299801
2025-10-21,30Y,3.805241886630826
2025-10-21,31Y,3.79606083045086
2025-10-21,32Y,3.78538976809044
2025-10-21,33Y,3.773722780559635
2025-10-21,34Y,3.761821979534205
2025-10-21,35Y,3.750574111147996
2025-10-21,36Y,3.739845327828247
2025-10-21,37Y,3.729164442496936
2025-10-21,38Y,3.718692193029884
2025-10-21,39Y,3.708022191594431
2025-10-21,40Y,3.697023544367996
2025-10-21,41Y,3.68618028257795
2025-10-21,42Y,3.675352062021966
2025-10-21,43Y,3.664696784732465
2025-10-21,44Y,3.654026942203999
2025-10-21,45Y,3.643029700245638
2025-10-21,46Y,3.631732904206873
2025-10-21,47Y,3.619871101686928
2025-10-21,48Y,3.607074640372639
2025-10-21,49Y,3.593514525804784
2025-10-21,50Y,3.578957305613861
2025-10-22,1W,4.138373205815392
2025-10-22,2W,4.065099789554594
2025-10-22,3W,4.027383188773181
2025-10-22,1M,4.002044510397483
2025-10-22,2M,3.93263971797024
2025-10-22,3M,3.877531772807547
2025-10-22,4M,3.797366255020351
2025-10-22,5M,3.75004656659504
2025-10-22,6M,3.700161995683021
2025-10-22,7M,3.657598053589611
2025-10-22,8M,3.612046364877733
2025-10-22,9M,3.573961887987026
2025-10-22,10M,3.530719765257913
2025-10-22,11M,3.496072272753
2025-10-22,12M,3.466119901793535
2025-10-22,13M,3.425828237227543
2025-10-22,14M,3.390920221110918
2025-10-22,15M,3.35752325606355
2025-10-22,16M,3.329490938301591
2025-10-22,17M,3.307959632765364
2025-10-22,18M,3.286989271746801
2025-10-22,19M,3.26755836206413
2025-10-22,20M,3.252234334208792
2025-10-22,21M,3.23930018732173
2025-10-22,22M,3.229140328179689
2025-10-22,23M,3.22224054120166
2025-10-22,24M,3.216895898952232
2025-10-22,25M,3.208319731618832
2025-10-22,26M,3.20097705704897
2025-10-22,27M,3.193924503962853
2025-10-22,28M,3.188568296728737
2025-10-22,29M,3.183964504028197
2025-10-22,30M,3.179605152162895
2025-10-22,31M,3.176615216804605
2025-10-22,32M,3.174040443800128
2025-10-22,33M,3.172171369218167
2025-10-22,34M,3.171152919384019
2025-10-22,35M,3.17075933788388
2025-10-22,3Y,3.171070889314783
2025-10-22,4Y,3.187008256562514
2025-10-22,5Y,3.225784384482264
2025-10-22,6Y,3.276701874173364
2025-10-22,7Y,3.332423485399315
2025-10-22,8Y,3.391124081005845
2025-10-22,9Y,3.447841074756093
2025-10-22,10Y,3.503898870716696
2025-10-22,11Y,3.556339105758508
2025-10-22,12Y,3.608490007128545
2025-10-22,13Y,3.655055208134329
2025-10-22,14Y,3.69480762613694
2025-10-22,15Y,3.728383995048222
2025-10-22,16Y,3.757086832651963
2025-10-22,17Y,3.780793754044978
2025-10-22,18Y,3.800569369502192
2025-10-22,19Y,3.81779547985705
2025-10-22,20Y,3.82686438387945
2025-10-22,21Y,3.830052425571003
2025-10-22,22Y,3.832547959560573
2025-10-22,23Y,3.834328189106797
2025-10-22,24Y,3.835537747852298
2025-10-22,25Y,3.835855952849158
2025-10-22,26Y,3.833958643346344
2025-10-22,27Y,3.828778410521978
2025-10-22,28Y,3.821586616217
2025-10-22,29Y,3.813227466165883
2025-10-22,30Y,3.805007977633924
2025-10-22,31Y,3.795972380528446
2025-10-22,32Y,3.78530544107373
2025-10-22,33Y,3.773709444855691
2025-10-22,34Y,3.761909487357784
2025-10-22,35Y,3.750634167579617
2025-10-22,36Y,3.739952000652895
2025-10-22,37Y,3.729479696727114
2025-10-22,38Y,3.719007600757213
2025-10-22,39Y,3.708409703799674
2025-10-22,40Y,3.697568849252873
2025-10-22,41Y,3.686640843646328
2025-10-22,42Y,3.675857180980162
2025-10-22,43Y,3.665313225124432
2025-10-22,44Y,3.654715547108463
2025-10-22,45Y,3.643817961944618
2025-10-22,46Y,3.632682832002935
2025-10-22,47Y,3.620662535388349
2025-10-22,48Y,3.60809876725168
2025-10-22,49Y,3.594641910494151
2025-10-22,50Y,3.580046937936296
2025-10-23,1W,4.168213417109321
2025-10-23,2W,4.085551336881113
2025-10-23,3W,4.037787225257707
2025-10-23,1M,4.014675556386208
2025-10-23,2M,3.944032541976012
2025-10-23,3M,3.878586571836277
2025-10-23,4M,3.81131660977987
2025-10-23,5M,3.761299618413571
2025-10-23,6M,3.718197127068791
2025-10-23,7M,3.673771446998225
2025-10-23,8M,3.642421762666094
2025-10-23,9M,3.605180198510443
2025-10-23,10M,3.566303935525429
2025-10-23,11M,3.535428739231315
2025-10-23,12M,3.504466108620202
2025-10-23,13M,3.465535655068138
2025-10-23,14M,3.432047777865304
2025-10-23,15M,3.399902841745608
2025-10-23,16M,3.375585206907224
2025-10-23,17M,3.355098749125613
2025-10-23,18M,3.335258185152453
2025-10-23,19M,3.31794782637488
2025-10-23,20M,3.303488512336076
2025-10-23,21M,3.291277849671679
2025-10-23,22M,3.280971445830937
2025-10-23,23M,3.272698505830121
2025-10-23,24M,3.265910928065797
2025-10-23,25M,3.257255014665222
2025-10-23,26M,3.249709261003057
2025-10-23,27M,3.243071497719195
2025-10-23,28M,3.238035798922856
2025-10-23,29M,3.234154247822229
2025-10-23,30M,3.230892551764025
2025-10-23,31M,3.228781541999558
2025-10-23,32M,3.227337747453059
2025-10-23,33M,3.226666450849343
2025-10-23,34M,3.226695350600822
2025-10-23,35M,3.227439935210044
2025-10-23,3Y,3.228616476747132
2025-10-23,4Y,3.250349091911267
2025-10-23,5Y,3.293156680401307
2025-10-23,6Y,3.344885032718387
2025-10-23,7Y,3.401977326180593
2025-10-23,8Y,3.458646894098985
2025-10-23,9Y,3.514079145497023
2025-10-23,10Y,3.56862509815852
2025-10-23,11Y,3.620130399076829
2025-10-23,12Y,3.671244786380996
2025-10-23,13Y,3.717489093839698
2025-10-23,14Y,3.7567403275068
2025-10-23,15Y,3.790234554611271
2025-10-23,16Y,3.818953504196161
2025-10-23,17Y,3.842351932642596
2025-10-23,18Y,3.861848993973432
2025-10-23,19Y,3.878427271597501
2025-10-23,20Y,3.887155362071913
2025-10-23,21Y,3.890050697154406
2025-10-23,22Y,3.892252708335611
2025-10-23,23Y,3.893963830500021
2025-10-23,24Y,3.894976689945762
2025-10-23,25Y,3.895273753086018
2025-10-23,26Y,3.893301121808691
2025-10-23,27Y,3.887945473440308
2025-10-23,28Y,3.88044855611588
2025-10-23,29Y,3.871851923547369
2025-10-23,30Y,3.863411984434517
2025-10-23,31Y,3.854367647410409
2025-10-23,32Y,3.843840442652628
2025-10-23,33Y,3.832323435503063
2025-10-23,34Y,3.820594005779496
2025-10-23,35Y,3.809333574173554
2025-10-23,36Y,3.798860077673379
2025-10-23,37Y,3.7884882147879
2025-10-23,38Y,3.77814491977497
2025-10-23,39Y,3.767497578013661
2025-10-23,40Y,3.756601808165263
2025-10-23,41Y,3.745646968275417
2025-10-23,42Y,3.734975483272078
2025-10-23,43Y,3.724461052596845
2025-10-23,44Y,3.713738989124252
2025-10-23,45Y,3.70281684594837
2025-10-23,46Y,3.691425608961703
2025-10-23,47Y,3.679403716470796
2025-10-23,48Y,3.666747007141896
2025-10-23,49Y,3.653339902255617
2025-10-23,50Y,3.638616694432675
2025-10-24,1W,4.18568643436297
2025-10-24,2W,4.101565711705633
2025-10-24,3W,4.052100239926801
2025-10-24,1M,4.025425213479651
2025-10-24,2M,3.944176095739772
2025-10-24,3M,3.868608207617086
2025-10-24,4M,3.800181148108354
2025-10-24,5M,3.75262190805968
2025-10-24,6M,3.706595115957836
2025-10-24,7M,3.663150042665158
2025-10-24,8M,3.629818150493668
2025-10-24,9M,3.59411724586241
2025-10-24,10M,3.557192372189972
2025-10-24,11M,3.524924205738069
2025-10-24,12M,3.493730021299836
2025-10-24,13M,3.458313302615195
2025-10-24,14M,3.42474682694788
2025-10-24,15M,3.393364932740253
2025-10-24,16M,3.368533889405595
2025-10-24,17M,3.348455481552101
2025-10-24,18M,3.327218705918064
2025-10-24,19M,3.310630891174499
2025-10-24,20M,3.295046804047171
2025-10-24,21M,3.283798809688382
2025-10-24,22M,3.278694129850956
2025-10-24,23M,3.276786736352523
2025-10-24,24M,3.276182854650982
2025-10-24,25M,3.271233613192164
2025-10-24,26M,3.265314295951164
2025-10-24,27M,3.260222404296728
2025-10-24,28M,3.25469092948258
2025-10-24,29M,3.249759531054107
2025-10-24,30M,3.244885877690469
2025-10-24,31M,3.240678839621651
2025-10-24,32M,3.236753462804719
2025-10-24,33M,3.234087321235897
2025-10-24,34M,3.231931756023187
2025-10-24,35M,3.230667183081465
2025-10-24,3Y,3.230430593767982
2025-10-24,4Y,3.253201238539989
2025-10-24,5Y,3.295762471931223
2025-10-24,6Y,3.350184882542568
2025-10-24,7Y,3.408826492909819
2025-10-24,8Y,3.464112701763675
2025-10-24,9Y,3.519258032840797
2025-10-24,10Y,3.574297423692664
2025-10-24,11Y,3.626835319845068
2025-10-24,12Y,3.679556378520424
2025-10-24,13Y,3.725972909102832
2025-10-24,14Y,3.765540576416772
2025-10-24,15Y,3.799637463895623
2025-10-24,16Y,3.829043131286996
2025-10-24,17Y,3.853160037301277
2025-10-24,18Y,3.873778621468375
2025-10-24,19Y,3.891191889770099
2025-10-24,20Y,3.900329549136762
2025-10-24,21Y,3.903179133463293
2025-10-24,22Y,3.905381185744496
2025-10-24,23Y,3.906999685854295
2025-10-24,24Y,3.907986182445003
2025-10-24,25Y,3.90828752724837
2025-10-24,26Y,3.906326652105233
2025-10-24,27Y,3.901244726420467
2025-10-24,28Y,3.893962013001207
2025-10-24,29Y,3.885727518448272
2025-10-24,30Y,3.877448201204692
2025-10-24,31Y,3.868530652289655
2025-10-24,32Y,3.857931429256588
2025-10-24,33Y,3.846211830534053
2025-10-24,34Y,3.834411624339625
2025-10-24,35Y,3.823078891202623
2025-10-24,36Y,3.81250290428813
2025-10-24,37Y,3.802158700705128
2025-10-24,38Y,3.791635893795243
2025-10-24,39Y,3.781013994163056
2025-10-24,40Y,3.769962553867702
2025-10-24,41Y,3.758991871201698
2025-10-24,42Y,3.748319965918002
2025-10-24,43Y,3.737651642431613
2025-10-24,44Y,3.726828215533331
2025-10-24,45Y,3.715833728968115
2025-10-24,46Y,3.704381259938929
2025-10-24,47Y,3.692353160129707
2025-10-24,48Y,3.679734013816168
2025-10-24,49Y,3.66612080159502
2025-10-24,50Y,3.651392574885966
2025-10-27,1W,4.135224376373629
2025-10-27,2W,4.051385922745015
2025-10-27,3W,4.018594931447507
2025-10-27,1M,3.999128062730947
2025-10-27,2M,3.920315349891637
2025-10-27,3M,3.861597415227012
2025-10-27,4M,3.792397841584511
2025-10-27,5M,3.750032174937109
2025-10-27,6M,3.70762098777733
2025-10-27,7M,3.669352452299493
2025-10-27,8M,3.633103898016565
2025-10-27,9M,3.60084276145822
2025-10-27,10M,3.565257173549834
2025-10-27,11M,3.532385906162844
2025-10-27,12M,3.504213052635421
2025-10-27,13M,3.466942266724304
2025-10-27,14M,3.433185447963836
2025-10-27,15M,3.404298806648495
2025-10-27,16M,3.379336083714148
2025-10-27,17M,3.357234755640274
2025-10-27,18M,3.339501824200765
2025-10-27,19M,3.323715581051294
2025-10-27,20M,3.308982927041204
2025-10-27,21M,3.296867578895009
2025-10-27,22M,3.284821613165292
2025-10-27,23M,3.27413488694223
2025-10-27,24M,3.265628657128287
2025-10-27,25M,3.254532035300032
2025-10-27,26M,3.24722260653343
2025-10-27,27M,3.241043845381491
2025-10-27,28M,3.236458122060222
2025-10-27,29M,3.233711103645864
2025-10-27,30M,3.231832635060942
2025-10-27,31M,3.230958018041206
2025-10-27,32M,3.230971367478706
2025-10-27,33M,3.231618529911616
2025-10-27,34M,3.232894366330229
2025-10-27,35M,3.234523436459766
2025-10-27,3Y,3.236471501464638
2025-10-27,4Y,3.252538245911493
2025-10-27,5Y,3.288435269773867
2025-10-27,6Y,3.339791376269277
2025-10-27,7Y,3.395210708223888
2025-10-27,8Y,3.45053972211535
2025-10-27,9Y,3.505110191632262
2025-10-27,10Y,3.559229240361633
2025-10-27,11Y,3.609550112038654
2025-10-27,12Y,3.660106241111673
2025-10-27,13Y,3.704900966649793
2025-10-27,14Y,3.742684449620402
2025-10-27,15Y,3.77518171340299
2025-10-27,16Y,3.802578156012007
2025-10-27,17Y,3.825105186972813
2025-10-27,18Y,3.844201387139874
2025-10-27,19Y,3.860433135265483
2025-10-27,20Y,3.868635669052842
2025-10-27,21Y,3.87068273060293
2025-10-27,22Y,3.872266999393956
2025-10-27,23Y,3.873356020262289
2025-10-27,24Y,3.874052849420873
2025-10-27,25Y,3.874249455777248
2025-10-27,26Y,3.872176607465855
2025-10-27,27Y,3.86657039088941
2025-10-27,28Y,3.858794233796917
2025-10-27,29Y,3.849896051201676
2025-10-27,30Y,3.84119452524987
2025-10-27,31Y,3.832125837652446
2025-10-27,32Y,3.821353427081677
2025-10-27,33Y,3.809983830635155
2025-10-27,34Y,3.798313586343101
2025-10-27,35Y,3.787210504715538
2025-10-27,36Y,3.776662810865236
2025-10-27,37Y,3.76623683504404
2025-10-27,38Y,3.755757860991602
2025-10-27,39Y,3.745213837899096
2025-10-27,40Y,3.734416169506896
2025-10-27,41Y,3.723516597011743
2025-10-27,42Y,3.712871818076734
2025-10-27,43Y,3.702162387291862
2025-10-27,44Y,3.691491817817089
2025-10-27,45Y,3.68052364189715
2025-10-27,46Y,3.669126793747886
2025-10-27,47Y,3.657296961568298
2025-10-27,48Y,3.644573630580549
2025-10-27,49Y,3.630869999185478
2025-10-27,50Y,3.616211915279505
2025-10-28,1W,4.09234212969661
2025-10-28,2W,4.009071158695895
2025-10-28,3W,3.991577385528536
2025-10-28,1M,3.978271023826053
2025-10-28,2M,3.907229022290215
2025-10-28,3M,3.850035024505365
2025-10-28,4M,3.785450478918495
2025-10-28,5M,3.740087162284893
2025-10-28,6M,3.701836698399129
2025-10-28,7M,3.664734356856837
2025-10-28,8M,3.630501635637225
2025-10-28,9M,3.597796961413517
2025-10-28,10M,3.562693125564322
2025-10-28,11M,3.531568293043616
2025-10-28,12M,3.503023605860331
2025-10-28,13M,3.463503379345434
2025-10-28,14M,3.432851657941761
2025-10-28,15M,3.402814350655033
2025-10-28,16M,3.378778502816624
2025-10-28,17M,3.356722097173771
2025-10-28,18M,3.338149876701841
2025-10-28,19M,3.321761280344561
2025-10-28,20M,3.307111751975873
2025-10-28,21M,3.295266805783929
2025-10-28,22M,3.284893007316013
2025-10-28,23M,3.277681531361983
2025-10-28,24M,3.271667520750247
2025-10-28,25M,3.262348429890495
2025-10-28,26M,3.255176507255564
2025-10-28,27M,3.248716669432705
2025-10-28,28M,3.243388951442568
2025-10-28,29M,3.239340767529464
2025-10-28,30M,3.235931854454874
2025-10-28,31M,3.233331001028958
2025-10-28,32M,3.231720443086973
2025-10-28,33M,3.230750258567411
2025-10-28,34M,3.230444069929152
2025-10-28,35M,3.230802545937939
2025-10-28,3Y,3.231829134644794
2025-10-28,4Y,3.249952062019035
2025-10-28,5Y,3.288303765633937
2025-10-28,6Y,3.339809655825836
2025-10-28,7Y,3.395310627364753
2025-10-28,8Y,3.446959986229461
2025-10-28,9Y,3.499435479990241
2025-10-28,10Y,3.551692782349869
2025-10-28,11Y,3.601471704657283
2025-10-28,12Y,3.651427122160564
2025-10-28,13Y,3.695744137889538
2025-10-28,14Y,3.733508690744669
2025-10-28,15Y,3.76580456729865
2025-10-28,16Y,3.793412782681126
2025-10-28,17Y,3.816217290283511
2025-10-28,18Y,3.835612224952306
2025-10-28,19Y,3.852087755217974
2025-10-28,20Y,3.860103279928628
2025-10-28,21Y,3.861687731297771
2025-10-28,22Y,3.862872327350223
2025-10-28,23Y,3.863670399465532
2025-10-28,24Y,3.86417247201348
2025-10-28,25Y,3.864365980394262
2025-10-28,26Y,3.862070495464861
2025-10-28,27Y,3.856300584198357
2025-10-28,28Y,3.84810922129389
2025-10-28,29Y,3.838910948427195
2025-10-28,30Y,3.829787780514294
2025-10-28,31Y,3.820466136865751
2025-10-28,32Y,3.809695109897569
2025-10-28,33Y,3.798126724277327
2025-10-28,34Y,3.7864264123705
2025-10-28,35Y,3.775196045968094
2025-10-28,36Y,3.764549953664099
2025-10-28,37Y,3.753869524387182
2025-10-28,38Y,3.743397225691313
2025-10-28,39Y,3.732726905804292
2025-10-28,40Y,3.721729275876877
2025-10-28,41Y,3.710700685854486
2025-10-28,42Y,3.700055839883367
2025-10-28,43Y,3.689401837166746
2025-10-28,44Y,3.678731789917197
2025-10-28,45Y,3.667734580113207
2025-10-28,46Y,3.656437735106524
2025-10-28,47Y,3.644575897029793
2025-10-28,48Y,3.63177943583607
2025-10-28,49Y,3.618219287317137
2025-10-28,50Y,3.603662033250707
2025-10-29,1W,4.107737348294843
2025-10-29,2W,4.045431828684369
2025-10-29,3W,4.027983943156563
2025-10-29,1M,4.01814862655142
2025-10-29,2M,3.966879025759249
2025-10-29,3M,3.921548101313409
2025-10-29,4M,3.874838637507747
2025-10-29,5M,3.839832931516159
2025-10-29,6M,3.808441750818593
2025-10-29,7M,3.777091624399211
2025-10-29,8M,3.748043370317311
2025-10-29,9M,3.715694565263739
2025-10-29,10M,3.678952795790742
2025-10-29,11M,3.650059126463015
2025-10-29,12M,3.621120791403862
2025-10-29,13M,3.581234021453398
2025-10-29,14M,3.547913721505105
2025-10-29,15M,3.516268785756062
2025-10-29,16M,3.491641478298557
2025-10-29,17M,3.468080134882406
2025-10-29,18M,3.447580059222725
2025-10-29,19M,3.430630005443457
2025-10-29,20M,3.414239874721289
2025-10-29,21M,3.401018214633174
2025-10-29,22M,3.389119172447688
2025-10-29,23M,3.379852961855439
2025-10-29,24M,3.37224507347115
2025-10-29,25M,3.361720191749976
2025-10-29,26M,3.353210231787785
2025-10-29,27M,3.345525327267584
2025-10-29,28M,3.340057739306138
2025-10-29,29M,3.335663010557664
2025-10-29,30M,3.332131556089208
2025-10-29,31M,3.329387184592493
2025-10-29,32M,3.327677887282511
2025-10-29,33M,3.326685291748346
2025-10-29,34M,3.326457834603675
2025-10-29,35M,3.326857026568121
2025-10-29,3Y,3.32786177694698
2025-10-29,4Y,3.343178373363639
2025-10-29,5Y,3.378781941803962
2025-10-29,6Y,3.427813681229078
2025-10-29,7Y,3.481086715083871
2025-10-29,8Y,3.534559006685825
2025-10-29,9Y,3.587897056474763
2025-10-29,10Y,3.637682541099094
2025-10-29,11Y,3.685121991140281
2025-10-29,12Y,3.732720615858712
2025-10-29,13Y,3.77591730214341
2025-10-29,14Y,3.813781508522335
2025-10-29,15Y,3.846065192528128
2025-10-29,16Y,3.873570598975427
2025-10-29,17Y,3.895879052358895
2025-10-29,18Y,3.914434103331861
2025-10-29,19Y,3.930178184093213
2025-10-29,20Y,3.937154977143742
2025-10-29,21Y,3.937850216477369
2025-10-29,22Y,3.938442908195899
2025-10-29,23Y,3.938847600611833
2025-10-29,24Y,3.939049675467318
2025-10-29,25Y,3.93914612988
2025-10-29,26Y,3.936751242330569
2025-10-29,27Y,3.930477224552292
2025-10-29,28Y,3.92168692855802
2025-10-29,29Y,3.911865266116719
2025-10-29,30Y,3.902342100776215
2025-10-29,31Y,3.892767223971504
2025-10-29,32Y,3.881999624346702
2025-10-29,33Y,3.870502744822681
2025-10-29,34Y,3.858903262775427
2025-10-29,35Y,3.847646054547009
2025-10-29,36Y,3.836947065199171
2025-10-29,37Y,3.826474764282781
2025-10-29,38Y,3.816002977912328
2025-10-29,39Y,3.8053057797361
2025-10-29,40Y,3.79427989903833
2025-10-29,41Y,3.78315214447174
2025-10-29,42Y,3.77235334045176
2025-10-29,43Y,3.761610767594926
2025-10-29,44Y,3.750812756707517
2025-10-29,45Y,3.7397163374882
2025-10-29,46Y,3.728189177710442
2025-10-29,47Y,3.71605966527085
2025-10-29,48Y,3.703296650716556
2025-10-29,49Y,3.689640061670047
2025-10-29,50Y,3.674944802280653
2025-10-30,1W,4.023055501945996
2025-10-30,2W,4.008153472948921
2025-10-30,3W,4.000271123438678
2025-10-30,1M,3.998350071282942
2025-10-30,2M,3.951079518581672
2025-10-30,3M,3.903772153526456
2025-10-30,4M,3.862709135832252
2025-10-30,5M,3.831445902858693
2025-10-30,6M,3.798626047359194
2025-10-30,7M,3.771497749779976
2025-10-30,8M,3.742048262446071
2025-10-30,9M,3.711835914455048
2025-10-30,10M,3.67900782671952
2025-10-30,11M,3.650088133365043
2025-10-30,12M,3.62246799460395
2025-10-30,13M,3.585764118860667
2025-10-30,14M,3.55328187609809
2025-10-30,15M,3.524347552055716
2025-10-30,16M,3.500837947084026
2025-10-30,17M,3.47767579973043
2025-10-30,18M,3.458380441446764
2025-10-30,19M,3.443183325477911
2025-10-30,20M,3.427508482071735
2025-10-30,21M,3.414976305251406
2025-10-30,22M,3.403475431439168
2025-10-30,23M,3.393525318037466
2025-10-30,24M,3.38577217560463
2025-10-30,25M,3.374666363668631
2025-10-30,26M,3.366181845825848
2025-10-30,27M,3.358915771405522
2025-10-30,28M,3.353721783972709
2025-10-30,29M,3.349568531753291
2025-10-30,30M,3.346593901846961
2025-10-30,31M,3.34435554930846
2025-10-30,32M,3.343105730532351
2025-10-30,33M,3.342648993189827
2025-10-30,34M,3.342871261894218
2025-10-30,35M,3.343668728127954
2025-10-30,3Y,3.345024092642727
2025-10-30,4Y,3.360956194695998
2025-10-30,5Y,3.397434095005983
2025-10-30,6Y,3.449228146879209
2025-10-30,7Y,3.504681767852817
2025-10-30,8Y,3.560422010117961
2025-10-30,9Y,3.615715588719268
2025-10-30,10Y,3.66653770489016
2025-10-30,11Y,3.714944240436369
2025-10-30,12Y,3.762980308582602
2025-10-30,13Y,3.806742135626697
2025-10-30,14Y,3.845483234613818
2025-10-30,15Y,3.878691870426549
2025-10-30,16Y,3.906826576847251
2025-10-30,17Y,3.929435022119034
2025-10-30,18Y,3.948138802262482
2025-10-30,19Y,3.964027322411614
2025-10-30,20Y,3.971176400402979
2025-10-30,21Y,3.971990014196344
2025-10-30,22Y,3.972485731662577
2025-10-30,23Y,3.97299467943206
2025-10-30,24Y,3.973185018960354
2025-10-30,25Y,3.973303475130321
2025-10-30,26Y,3.970940431143191
2025-10-30,27Y,3.964696876421696
2025-10-30,28Y,3.956002369010631
2025-10-30,29Y,3.946209288894549
2025-10-30,30Y,3.936732141070003
2025-10-30,31Y,3.927021977653084
2025-10-30,32Y,3.916198218378186
2025-10-30,33Y,3.904381492989037
2025-10-30,34Y,3.892552718120923
2025-10-30,35Y,3.881179512082093
2025-10-30,36Y,3.870225510365877
2025-10-30,37Y,3.859455844460066
2025-10-30,38Y,3.848815565904245
2025-10-30,39Y,3.837868182759462
2025-10-30,40Y,3.826772645294522
2025-10-30,41Y,3.815803518958933
2025-10-30,42Y,3.80494840046629
2025-10-30,43Y,3.794433245233966
2025-10-30,44Y,3.783813439457652
2025-10-30,45Y,3.772892174325471
2025-10-30,46Y,3.761700285316073
2025-10-30,47Y,3.74988102337012
2025-10-30,48Y,3.737325575521042
2025-10-30,49Y,3.724018770375685
2025-10-30,50Y,3.709396953526939
2025-10-31,1W,4.024570747602942
2025-10-31,2W,4.011000408797131
2025-10-31,3W,4.009037878116309
2025-10-31,1M,4.009590577353259
2025-10-31,2M,3.953769666885004
2025-10-31,3M,3.905583318192872
2025-10-31,4M,3.865821347516815
2025-10-31,5M,3.829264241104023
2025-10-31,6M,3.799406646608777
2025-10-31,7M,3.771518895313204
2025-10-31,8M,3.740501207244697
2025-10-31,9M,3.707954467592139
2025-10-31,10M,3.674846294652175
2025-10-31,11M,3.64551396609914
2025-10-31,12M,3.617798585228846
2025-10-31,13M,3.579788164277133
2025-10-31,14M,3.544135922815844
2025-10-31,15M,3.514396420566715
2025-10-31,16M,3.489845172434838
2025-10-31,17M,3.46545898597195
2025-10-31,18M,3.446430775298966
2025-10-31,19M,3.430658841173907
2025-10-31,20M,3.414335834500702
2025-10-31,21M,3.401643682514041
2025-10-31,22M,3.390349277761372
2025-10-31,23M,3.381689214535157
2025-10-31,24M,3.374902916115763
2025-10-31,25M,3.364631874515688
2025-10-31,26M,3.356687846896093
2025-10-31,27M,3.349785867257967
2025-10-31,28M,3.344766422293256
2025-10-31,29M,3.340548640525684
2025-10-31,30M,3.337647463235515
2025-10-31,31M,3.335212326748495
2025-10-31,32M,3.333823107447451
2025-10-31,33M,3.333122547092747
2025-10-31,34M,3.333090483761347
2025-10-31,35M,3.333603504880678
2025-10-31,3Y,3.334716280150628
2025-10-31,4Y,3.348916772597101
2025-10-31,5Y,3.386121538825146
2025-10-31,6Y,3.43747164897407
2025-10-31,7Y,3.492399817859614
2025-10-31,8Y,3.55153372052893
2025-10-31,9Y,3.608771188790748
2025-10-31,10Y,3.661375511036499
2025-10-31,11Y,3.711431186894631
2025-10-31,12Y,3.761219805785826
2025-10-31,13Y,3.806107227573199
2025-10-31,14Y,3.845173197938879
2025-10-31,15Y,3.878488479108265
2025-10-31,16Y,3.906706963139338
2025-10-31,17Y,3.92943501640887
2025-10-31,18Y,3.94828031160708
2025-10-31,19Y,3.964383314558654
2025-10-31,20Y,3.972134109747179
2025-10-31,21Y,3.973684961360862
2025-10-31,22Y,3.974787171686296
2025-10-31,23Y,3.975582000672794
2025-10-31,24Y,3.976073983284515
2025-10-31,25Y,3.97619775741616
2025-10-31,26Y,3.9739495564423
2025-10-31,27Y,3.967874491489908
2025-10-31,28Y,3.959297164242834
2025-10-31,29Y,3.949726467192485
2025-10-31,30Y,3.940446392949635
2025-10-31,31Y,3.930966978572652
2025-10-31,32Y,3.920064966727702
2025-10-31,33Y,3.908444848268664
2025-10-31,34Y,3.896747621160435
2025-10-31,35Y,3.885502543162107
2025-10-31,36Y,3.874646617703543
2025-10-31,37Y,3.864104117090493
2025-10-31,38Y,3.853482373157708
2025-10-31,39Y,3.84276154343448
2025-10-31,40Y,3.831797003495357
2025-10-31,41Y,3.82082661446634
2025-10-31,42Y,3.810071195378974
2025-10-31,43Y,3.799502274767711
2025-10-31,44Y,3.788880710237978
2025-10-31,45Y,3.777988669581439
2025-10-31,46Y,3.766727741177092
2025-10-31,47Y,3.754908377531586
2025-10-31,48Y,3.742391938760788
2025-10-31,49Y,3.728878588038188
2025-10-31,50Y,3.714351130876606
2025-11-03,1W,4.035047821700378
2025-11-03,2W,4.011039946820272
2025-11-03,3W,4.007639582471323
2025-11-03,1M,4.007498160386955
2025-11-03,2M,3.940405024798507
2025-11-03,3M,3.897690685143925
2025-11-03,4M,3.860061840955407
2025-11-03,5M,3.826500309514887
2025-11-03,6M,3.796871069760652
2025-11-03,7M,3.769806736593125
2025-11-03,8M,3.738819619755318
2025-11-03,9M,3.710244221544533
2025-11-03,10M,3.679259157713957
2025-11-03,11M,3.648703236715953
2025-11-03,12M,3.622492187405399
2025-11-03,13M,3.587469374628586
2025-11-03,14M,3.5534487536475
2025-11-03,15M,3.525341226375874
2025-11-03,16M,3.502697683052395
2025-11-03,17M,3.479765421054916
2025-11-03,18M,3.462809137116872
2025-11-03,19M,3.446203622316345
2025-11-03,20M,3.43101087192238
2025-11-03,21M,3.420210809804118
2025-11-03,22M,3.410491426643111
2025-11-03,23M,3.402776124711441
2025-11-03,24M,3.396847459537238
2025-11-03,25M,3.38792269389907
2025-11-03,26M,3.380159598591733
2025-11-03,27M,3.373717030534852
2025-11-03,28M,3.368761588958766
2025-11-03,29M,3.364496287146992
2025-11-03,30M,3.361288643810788
2025-11-03,31M,3.358707837098331
2025-11-03,32M,3.357229017208032
2025-11-03,33M,3.356289187062349
2025-11-03,34M,3.356029545149584
2025-11-03,35M,3.356362289045963
2025-11-03,3Y,3.35727934305941
2025-11-03,4Y,3.371674363233086
2025-11-03,5Y,3.408436316222518
2025-11-03,6Y,3.459737874404638
2025-11-03,7Y,3.515089176151002
2025-11-03,8Y,3.570538162436984
2025-11-03,9Y,3.625230940421974
2025-11-03,10Y,3.679367684475608
2025-11-03,11Y,3.730294699866791
2025-11-03,12Y,3.78146088468989
2025-11-03,13Y,3.826962363495327
2025-11-03,14Y,3.865646651959037
2025-11-03,15Y,3.898861551592731
2025-11-03,16Y,3.926761536593111
2025-11-03,17Y,3.949592323942938
2025-11-03,18Y,3.968893591160224
2025-11-03,19Y,3.98512906177104
2025-11-03,20Y,3.993335048979517
2025-11-03,21Y,3.995386204710023
2025-11-03,22Y,3.99697295830634
2025-11-03,23Y,3.998064283165132
2025-11-03,24Y,3.998763319140539
2025-11-03,25Y,3.998962333123425
2025-11-03,26Y,3.996791794541513
2025-11-03,27Y,3.991087553277442
2025-11-03,28Y,3.983014793447628
2025-11-03,29Y,3.973717782239848
2025-11-03,30Y,3.964718725520698
2025-11-03,31Y,3.95505338665191
2025-11-03,32Y,3.943778302328819
2025-11-03,33Y,3.931612091192006
2025-11-03,34Y,3.919344600957606
2025-11-03,35Y,3.907542951110088
2025-11-03,36Y,3.89639962451693
2025-11-03,37Y,3.88527406646375
2025-11-03,38Y,3.874090288432372
2025-11-03,39Y,3.862950657628631
2025-11-03,40Y,3.851553094969749
2025-11-03,41Y,3.840353070493432
2025-11-03,42Y,3.82950957555803
2025-11-03,43Y,3.81869934701606
2025-11-03,44Y,3.808029439538859
2025-11-03,45Y,3.797061578426122
2025-11-03,46Y,3.785765132450171
2025-11-03,47Y,3.774034534283544
2025-11-03,48Y,3.761512356850309
2025-11-03,49Y,3.747910657866998
2025-11-03,50Y,3.733452427682521
2025-11-04,1W,3.982430848239402
2025-11-04,2W,3.980940629293873
2025-11-04,3W,3.980994799008301
2025-11-04,1M,3.98465799169193
2025-11-04,2M,3.923040748322833
2025-11-04,3M,3.878938117219342
2025-11-04,4M,3.841097385760315
2025-11-04,5M,3.804391949369991
2025-11-04,6M,3.777017209360274
2025-11-04,7M,3.749370190997887
2025-11-04,8M,3.718028459848929
2025-11-04,9M,3.688045678093168
2025-11-04,10M,3.656957361632718
2025-11-04,11M,3.62744431208499
2025-11-04,12M,3.600279074362985
2025-11-04,13M,3.564795796415073
2025-11-04,14M,3.530972668743821
2025-11-04,15M,3.501093756476721
2025-11-04,16M,3.478026884008214
2025-11-04,17M,3.455570731234379
2025-11-04,18M,3.437982749582766
2025-11-04,19M,3.421450359506956
2025-11-04,20M,3.406696177539478
2025-11-04,21M,3.395344502760334
2025-11-04,22M,3.38441527472087
2025-11-04,23M,3.377356440727879
2025-11-04,24M,3.370775760637629
2025-11-04,25M,3.361056371213324
2025-11-04,26M,3.353703002974266
2025-11-04,27M,3.347197232414457
2025-11-04,28M,3.341939291727678
2025-11-04,29M,3.338031992977684
2025-11-04,30M,3.334916190288441
2025-11-04,31M,3.332530113280748
2025-11-04,32M,3.331088771089544
2025-11-04,33M,3.330346911265493
2025-11-04,34M,3.330258508081878
2025-11-04,35M,3.330752131827475
2025-11-04,3Y,3.331921465963165
2025-11-04,4Y,3.348315391845315
2025-11-04,5Y,3.387262680951923
2025-11-04,6Y,3.438142823290661
2025-11-04,7Y,3.493755409075026
2025-11-04,8Y,3.548341262570883
2025-11-04,9Y,3.603271892014495
2025-11-04,10Y,3.656746397410467
2025-11-04,11Y,3.707838102998346
2025-11-04,12Y,3.75900787028175
2025-11-04,13Y,3.804652093113477
2025-11-04,14Y,3.843606785181241
2025-11-04,15Y,3.876920135534565
2025-11-04,16Y,3.905035628301166
2025-11-04,17Y,3.928148838951187
2025-11-04,18Y,3.947451814371968
2025-11-04,19Y,3.96383076153266
2025-11-04,20Y,3.972153132065185
2025-11-04,21Y,3.974140645584855
2025-11-04,22Y,3.975727752788831
2025-11-04,23Y,3.976930096333287
2025-11-04,24Y,3.977616104598316
2025-11-04,25Y,3.977832513793798
2025-11-04,26Y,3.975641113894649
2025-11-04,27Y,3.969873287812401
2025-11-04,28Y,3.961784664797779
2025-11-04,29Y,3.95258822742952
2025-11-04,30Y,3.94363227149969
2025-11-04,31Y,3.934048138163095
2025-11-04,32Y,3.922979824852362
2025-11-04,33Y,3.911114627787972
2025-11-04,34Y,3.899015990110855
2025-11-04,35Y,3.887472427913047
2025-11-04,36Y,3.876344229734658
2025-11-04,37Y,3.865362137972519
2025-11-04,38Y,3.854592139387276
2025-11-04,39Y,3.843623786134149
2025-11-04,40Y,3.832426672017823
2025-11-04,41Y,3.821285238672818
2025-11-04,42Y,3.810357124465928
2025-11-04,43Y,3.799502531231329
2025-11-04,44Y,3.78873323592964
2025-11-04,45Y,3.777737223193333
2025-11-04,46Y,3.766341412575856
2025-11-04,47Y,3.754480160122235
2025-11-04,48Y,3.741684712552847
2025-11-04,49Y,3.728225208540252
2025-11-04,50Y,3.713669161997525
2025-11-05,1W,3.94330238557901
2025-11-05,2W,3.953559392486259
2025-11-05,3W,3.956260326340545
2025-11-05,1M,3.960842597903156
2025-11-05,2M,3.920719501594172
2025-11-05,3M,3.882583048552969
2025-11-05,4M,3.852961118278695
2025-11-05,5M,3.82258340825387
2025-11-05,6M,3.797840890858442
2025-11-05,7M,3.773808980513136
2025-11-05,8M,3.746760394229408
2025-11-05,9M,3.718072448510647
2025-11-05,10M,3.686608774181062
2025-11-05,11M,3.662108557864467
2025-11-05,12M,3.635228893155275
2025-11-05,13M,3.59922807985725
2025-11-05,14M,3.569601719736811
2025-11-05,15M,3.541606900898796
2025-11-05,16M,3.519816967032109
2025-11-05,17M,3.499057966425032
2025-11-05,18M,3.481706811485921
2025-11-05,19M,3.465181830744123
2025-11-05,20M,3.452660506061769
2025-11-05,21M,3.441549766768135
2025-11-05,22M,3.431364883378997
2025-11-05,23M,3.424281047403483
2025-11-05,24M,3.417992137131688
2025-11-05,25M,3.408810406676176
2025-11-05,26M,3.401537110805929
2025-11-05,27M,3.395139904602373
2025-11-05,28M,3.390874594390672
2025-11-05,29M,3.387353746453718
2025-11-05,30M,3.384801350620094
2025-11-05,31M,3.383070796262781
2025-11-05,32M,3.382180435666414
2025-11-05,33M,3.381996453689995
2025-11-05,34M,3.382451515235965
2025-11-05,35M,3.383467525820971
2025-11-05,3Y,3.385101722777511
2025-11-05,4Y,3.403294635433285
2025-11-05,5Y,3.441692540727942
2025-11-05,6Y,3.494790890849619
2025-11-05,7Y,3.551595547676471
2025-11-05,8Y,3.607743492407418
2025-11-05,9Y,3.662003505605533
2025-11-05,10Y,3.715595101167372
2025-11-05,11Y,3.76615838359011
2025-11-05,12Y,3.816434653099236
2025-11-05,13Y,3.861903647764485
2025-11-05,14Y,3.901569250036599
2025-11-05,15Y,3.935154121171432
2025-11-05,16Y,3.964167300105618
2025-11-05,17Y,3.987785187807143
2025-11-05,18Y,4.00736805585583
2025-11-05,19Y,4.024302053807218
2025-11-05,20Y,4.032480203282097
2025-11-05,21Y,4.034477027885002
2025-11-05,22Y,4.035976745854449
2025-11-05,23Y,4.036963816613969
2025-11-05,24Y,4.037672772222233
2025-11-05,25Y,4.037893976781175
2025-11-05,26Y,4.035800754128912
2025-11-05,27Y,4.030226352399001
2025-11-05,28Y,4.022337808266165
2025-11-05,29Y,4.013484580584594
2025-11-05,30Y,4.004566904248823
2025-11-05,31Y,3.995030481074078
2025-11-05,32Y,3.983867435772464
2025-11-05,33Y,3.971773794383533
2025-11-05,34Y,3.959476165334133
2025-11-05,35Y,3.947704076478967
2025-11-05,36Y,3.936520373608062
2025-11-05,37Y,3.925451463503678
2025-11-05,38Y,3.914482282677866
2025-11-05,39Y,3.9033860202306
2025-11-05,40Y,3.892147632446174
2025-11-05,41Y,3.880920430763535
2025-11-05,42Y,3.869835806530496
2025-11-05,43Y,3.859194165539572
2025-11-05,44Y,3.848298020454978
2025-11-05,45Y,3.837300768656088
2025-11-05,46Y,3.826067735391905
2025-11-05,47Y,3.813947528927478
2025-11-05,48Y,3.801384786288833
2025-11-05,49Y,3.787929023378023
2025-11-05,50Y,3.773335081610848
2025-11-06,1W,3.934305879371577
2025-11-06,2W,3.942272547445381
2025-11-06,3W,3.945118254919513
2025-11-06,1M,3.949584116476388
2025-11-06,2M,3.90256474801947
2025-11-06,3M,3.856947660193748
2025-11-06,4M,3.823214917234483
2025-11-06,5M,3.787766038580767
2025-11-06,6M,3.756488711137941
2025-11-06,7M,3.726763423254087
2025-11-06,8M,3.697656151485584
2025-11-06,9M,3.664250842433496
2025-11-06,10M,3.631286539024762
2025-11-06,11M,3.603553606524805
2025-11-06,12M,3.574642184028185
2025-11-06,13M,3.538872226243576
2025-11-06,14M,3.507660544899588
2025-11-06,15M,3.477505416373562
2025-11-06,16M,3.455444823691231
2025-11-06,17M,3.435560527834465
2025-11-06,18M,3.417620137161552
2025-11-06,19M,3.400964402764333
2025-11-06,20M,3.387921408576277
2025-11-06,21M,3.376062149576019
2025-11-06,22M,3.36598720640781
2025-11-06,23M,3.358560436827811
2025-11-06,24M,3.351831424643535
2025-11-06,25M,3.343534859235354
2025-11-06,26M,3.335864746485278
2025-11-06,27M,3.329424648001149
2025-11-06,28M,3.32488331624912
2025-11-06,29M,3.320917948763859
2025-11-06,30M,3.317874148963266
2025-11-06,31M,3.315942825839802
2025-11-06,32M,3.31469167197998
2025-11-06,33M,3.314114979244835
2025-11-06,34M,3.314218804327598
2025-11-06,35M,3.314889930678443
2025-11-06,3Y,3.3161275627598
2025-11-06,4Y,3.332692263301983
2025-11-06,5Y,3.369872166828626
2025-11-06,6Y,3.422942517311166
2025-11-06,7Y,3.481247778215848
2025-11-06,8Y,3.538184705443791
2025-11-06,9Y,3.593970810347491
2025-11-06,10Y,3.648398261928258
2025-11-06,11Y,3.699997485118129
2025-11-06,12Y,3.751241554234346
2025-11-06,13Y,3.797510854311806
2025-11-06,14Y,3.836978987077888
2025-11-06,15Y,3.870889581833227
2025-11-06,16Y,3.899838747096015
2025-11-06,17Y,3.923633635642045
2025-11-06,18Y,3.94334359136182
2025-11-06,19Y,3.960133915499504
2025-11-06,20Y,3.968775857574534
2025-11-06,21Y,3.971269752286082
2025-11-06,22Y,3.973277856819323
2025-11-06,23Y,3.974706797406766
2025-11-06,24Y,3.975623959689893
2025-11-06,25Y,3.975927481326088
2025-11-06,26Y,3.973762693096075
2025-11-06,27Y,3.968032233919102
2025-11-06,28Y,3.959923348555834
2025-11-06,29Y,3.95083108959295
2025-11-06,30Y,3.941793099731557
2025-11-06,31Y,3.932253849167994
2025-11-06,32Y,3.921362066552853
2025-11-06,33Y,3.909350342153098
2025-11-06,34Y,3.897190704803277
2025-11-06,35Y,3.885531774191756
2025-11-06,36Y,3.874563302336998
2025-11-06,37Y,3.863694608654552
2025-11-06,38Y,3.852983382192541
2025-11-06,39Y,3.841909374635653
2025-11-06,40Y,3.83061502111809
2025-11-06,41Y,3.819360461275795
2025-11-06,42Y,3.808391867135737
2025-11-06,43Y,3.79761030747845
2025-11-06,44Y,3.786589821409931
2025-11-06,45Y,3.775439201870651
2025-11-06,46Y,3.763849038029084
2025-11-06,47Y,3.751728025308755
2025-11-06,48Y,3.738973241169901
2025-11-06,49Y,3.725505092928532
2025-11-06,50Y,3.710784738399298
2025-11-07,1W,3.93386532109486
2025-11-07,2W,3.946595667124763
2025-11-07,3W,3.953159963165973
2025-11-07,1M,3.963198094685357
2025-11-07,2M,3.909844524030718
2025-11-07,3M,3.861994045896809
2025-11-07,4M,3.829396318242498
2025-11-07,5M,3.796013432423596
2025-11-07,6M,3.764068653018426
2025-11-07,7M,3.735803577639091
2025-11-07,8M,3.705557066519507
2025-11-07,9M,3.67198953680485
2025-11-07,10M,3.640345778082756
2025-11-07,11M,3.611598314090392
2025-11-07,12M,3.580804851964255
2025-11-07,13M,3.548379031835543
2025-11-07,14M,3.51587115550889
2025-11-07,15M,3.486398802208412
2025-11-07,16M,3.464149997134254
2025-11-07,17M,3.443476353570397
2025-11-07,18M,3.425437256984535
2025-11-07,19M,3.409061852963372
2025-11-07,20M,3.395290665194366
2025-11-07,21M,3.38251454430358
2025-11-07,22M,3.373316055506861
2025-11-07,23M,3.365578602883797
2025-11-07,24M,3.359035148197605
2025-11-07,25M,3.350566165143337
2025-11-07,26M,3.342891369252365
2025-11-07,27M,3.336615556186176
2025-11-07,28M,3.331869477297156
2025-11-07,29M,3.327868731779331
2025-11-07,30M,3.324860804324612
2025-11-07,31M,3.322798667086116
2025-11-07,32M,3.321489589390385
2025-11-07,33M,3.3208528291769
2025-11-07,34M,3.320875868502475
2025-11-07,35M,3.321557638658748
2025-11-07,3Y,3.322620656598271
2025-11-07,4Y,3.338130553117277
2025-11-07,5Y,3.375317492953049
2025-11-07,6Y,3.429536584367638
2025-11-07,7Y,3.489214992911081
2025-11-07,8Y,3.545194240690591
2025-11-07,9Y,3.600660780484552
2025-11-07,10Y,3.656858559884592
2025-11-07,11Y,3.708832627980321
2025-11-07,12Y,3.760861275714062
2025-11-07,13Y,3.807400551580741
2025-11-07,14Y,3.847362369542516
2025-11-07,15Y,3.881813722151595
2025-11-07,16Y,3.911045489014501
2025-11-07,17Y,3.934987090272984
2025-11-07,18Y,3.955022323234561
2025-11-07,19Y,3.971768741895956
2025-11-07,20Y,3.980839232747916
2025-11-07,21Y,3.983883779773099
2025-11-07,22Y,3.986293671150915
2025-11-07,23Y,3.988124718227257
2025-11-07,24Y,3.989118914099683
2025-11-07,25Y,3.989522689011789
2025-11-07,26Y,3.987481250321867
2025-11-07,27Y,3.982120157916508
2025-11-07,28Y,3.974451781973474
2025-11-07,29Y,3.965620731831911
2025-11-07,30Y,3.957047177768338
2025-11-07,31Y,3.947718667668221
2025-11-07,32Y,3.936751283413122
2025-11-07,33Y,3.924738138307313
2025-11-07,34Y,3.912543817511317
2025-11-07,35Y,3.900811720634501
2025-11-07,36Y,3.889897037084786
2025-11-07,37Y,3.878976920828234
2025-11-07,38Y,3.868083322210399
2025-11-07,39Y,3.857064075910943
2025-11-07,40Y,3.845814775079472
2025-11-07,41Y,3.834646606084945
2025-11-07,42Y,3.823933177755198
2025-11-07,43Y,3.813113014536198
2025-11-07,44Y,3.802291026144476
2025-11-07,45Y,3.791301754249438
2025-11-07,46Y,3.779851587314337
2025-11-07,47Y,3.768093313068463
2025-11-07,48Y,3.755380989596878
2025-11-07,49Y,3.74190576400584
2025-11-07,50Y,3.7272839386339
2025-11-10,1W,3.958078448520211
2025-11-10,2W,3.960387028221329
2025-11-10,3W,3.967478412662134
2025-11-10,1M,3.967285953758957
2025-11-10,2M,3.910485471102721
2025-11-10,3M,3.871348774053687
2025-11-10,4M,3.840954656439419
2025-11-10,5M,3.806777889757362
2025-11-10,6M,3.775336362862208
2025-11-10,7M,3.750506751507141
2025-11-10,8M,3.718622760104614
2025-11-10,9M,3.685704863637754
2025-11-10,10M,3.656599605297135
2025-11-10,11M,3.625126860529522
2025-11-10,12M,3.600083594940133
2025-11-10,13M,3.566179898195442
2025-11-10,14M,3.533685756439965
2025-11-10,15M,3.50699165866163
2025-11-10,16M,3.485511200234141
2025-11-10,17M,3.463810357136797
2025-11-10,18M,3.447770641352335
2025-11-10,19M,3.432042838266418
2025-11-10,20M,3.418128510280883
2025-11-10,21M,3.407749341927441
2025-11-10,22M,3.399064559846074
2025-11-10,23M,3.392198319485746
2025-11-10,24M,3.387292374972461
2025-11-10,25M,3.378910648640311
2025-11-10,26M,3.371418857408594
2025-11-10,27M,3.365024116386937
2025-11-10,28M,3.359965946430747
2025-11-10,29M,3.355483786775889
2025-11-10,30M,3.352003776431828
2025-11-10,31M,3.34909671677019
2025-11-10,32M,3.347350195460821
2025-11-10,33M,3.346153427122088
2025-11-10,34M,3.345697993475774
2025-11-10,35M,3.345944671525368
2025-11-10,3Y,3.347005242363801
2025-11-10,4Y,3.366563025530088
2025-11-10,5Y,3.406041776636567
2025-11-10,6Y,3.45800112557438
2025-11-10,7Y,3.515038905318635
2025-11-10,8Y,3.572090219083055
2025-11-10,9Y,3.628482343170591
2025-11-10,10Y,3.682090732671118
2025-11-10,11Y,3.732842966283497
2025-11-10,12Y,3.784002707911887
2025-11-10,13Y,3.829551990843518
2025-11-10,14Y,3.868513284697083
2025-11-10,15Y,3.90202460290802
2025-11-10,16Y,3.930318604247333
2025-11-10,17Y,3.953378580267401
2025-11-10,18Y,3.972884459732387
2025-11-10,19Y,3.989472908435479
2025-11-10,20Y,3.998440889978568
2025-11-10,21Y,4.001238085476625
2025-11-10,22Y,4.003523785440344
2025-11-10,23Y,4.005106432861524
2025-11-10,24Y,4.006092236809838
2025-11-10,25Y,4.006514576092163
2025-11-10,26Y,4.004428397485009
2025-11-10,27Y,3.99884534478565
2025-11-10,28Y,3.991092509126789
2025-11-10,29Y,3.982199114698744
2025-11-10,30Y,3.973442814907595
2025-11-10,31Y,3.964142116132301
2025-11-10,32Y,3.953346279814279
2025-11-10,33Y,3.94178055290807
2025-11-10,34Y,3.930042354059639
2025-11-10,35Y,3.918895902207844
2025-11-10,36Y,3.908169535909219
2025-11-10,37Y,3.897565383971492
2025-11-10,38Y,3.887068923959088
2025-11-10,39Y,3.876456731823956
2025-11-10,40Y,3.865362287976335
2025-11-10,41Y,3.854321491308737
2025-11-10,42Y,3.843395781185425
2025-11-10,43Y,3.832385649471817
2025-11-10,44Y,3.821418272990084
2025-11-10,45Y,3.810182630083196
2025-11-10,46Y,3.79858999394013
2025-11-10,47Y,3.786333039507412
2025-11-10,48Y,3.773303107364064
2025-11-10,49Y,3.759507387197716
2025-11-10,50Y,3.744751935425708
2025-11-12,1W,3.975279039230822
2025-11-12,2W,3.972514353993505
2025-11-12,3W,3.982383864407006
2025-11-12,1M,3.978631476218872
2025-11-12,2M,3.92464986320988
2025-11-12,3M,3.881015750244963
2025-11-12,4M,3.852806183910493
2025-11-12,5M,3.814719443059521
2025-11-12,6M,3.78405353983329
2025-11-12,7M,3.756014275673376
2025-11-12,8M,3.720922516561083
2025-11-12,9M,3.688133911762769
2025-11-12,10M,3.654742565535696
2025-11-12,11M,3.625520953999011
2025-11-12,12M,3.596367042674321
2025-11-12,13M,3.558108394862514
2025-11-12,14M,3.527042935724387
2025-11-12,15M,3.497795036217112
2025-11-12,16M,3.474939851583488
2025-11-12,17M,3.453116434208309
2025-11-12,18M,3.43493449461769
2025-11-12,19M,3.417729024150577
2025-11-12,20M,3.404987977033727
2025-11-12,21M,3.392459163702533
2025-11-12,22M,3.38096779207074
2025-11-12,23M,3.371915685922628
2025-11-12,24M,3.363875985437669
2025-11-12,25M,3.353425748321446
2025-11-12,26M,3.345194685966351
2025-11-12,27M,3.337987875515315
2025-11-12,28M,3.333193341999553
2025-11-12,29M,3.329228576862667
2025-11-12,30M,3.326326969788875
2025-11-12,31M,3.324303985902649
2025-11-12,32M,3.323170419534883
2025-11-12,33M,3.322736801193631
2025-11-12,34M,3.322967468195054
2025-11-12,35M,3.323728427083168
2025-11-12,3Y,3.325047054185824
2025-11-12,4Y,3.338416300653753
2025-11-12,5Y,3.372958443324589
2025-11-12,6Y,3.425529734153342
2025-11-12,7Y,3.482972568508893
2025-11-12,8Y,3.547540449530176
2025-11-12,9Y,3.608877044171398
2025-11-12,10Y,3.663828361788954
2025-11-12,11Y,3.716114831485684
2025-11-12,12Y,3.768288873568712
2025-11-12,13Y,3.813475326419127
2025-11-12,14Y,3.851126384379107
2025-11-12,15Y,3.882414149161491
2025-11-12,16Y,3.909331913089108
2025-11-12,17Y,3.931544810375646
2025-11-12,18Y,3.950229345630665
2025-11-12,19Y,3.966552199434625
2025-11-12,20Y,3.974927448457853
2025-11-12,21Y,3.97753250177615
2025-11-12,22Y,3.979619287916842
2025-11-12,23Y,3.981104550195405
2025-11-12,24Y,3.982015053687435
2025-11-12,25Y,3.98233592449244
2025-11-12,26Y,3.980242251468158
2025-11-12,27Y,3.97446757410085
2025-11-12,28Y,3.966478398953273
2025-11-12,29Y,3.957424591864563
2025-11-12,30Y,3.948603566463815
2025-11-12,31Y,3.939366734922171
2025-11-12,32Y,3.928772730730134
2025-11-12,33Y,3.917405791238266
2025-11-12,34Y,3.905906825163727
2025-11-12,35Y,3.894933183566205
2025-11-12,36Y,3.884354240646406
2025-11-12,37Y,3.87408248124581
2025-11-12,38Y,3.863784890891697
2025-11-12,39Y,3.853315164636848
2025-11-12,40Y,3.842476914496497
2025-11-12,41Y,3.831350708425958
2025-11-12,42Y,3.820366535864441
2025-11-12,43Y,3.809497343043248
2025-11-12,44Y,3.798429458452514
2025-11-12,45Y,3.787133330830334
2025-11-12,46Y,3.775402007739905
2025-11-12,47Y,3.762977180522403
2025-11-12,48Y,3.749915677785558
2025-11-12,49Y,3.736021349553495
2025-11-12,50Y,3.721165898238624
2025-11-13,1W,3.992287200569566
2025-11-13,2W,3.985307965138461
2025-11-13,3W,3.992096834747032
2025-11-13,1M,3.980559395327014
2025-11-13,2M,3.932819452551427
2025-11-13,3M,3.891559285812626
2025-11-13,4M,3.866021720159361
2025-11-13,5M,3.831574121993077
2025-11-13,6M,3.800376956632266
2025-11-13,7M,3.773150071216985
2025-11-13,8M,3.74174396683831
2025-11-13,9M,3.707549046157225
2025-11-13,10M,3.676606817346692
2025-11-13,11M,3.647359728023927
2025-11-13,12M,3.617379117841622
2025-11-13,13M,3.580814912662467
2025-11-13,14M,3.549230676251712
2025-11-13,15M,3.517998127941359
2025-11-13,16M,3.49659427349133
2025-11-13,17M,3.476472443885586
2025-11-13,18M,3.458237088527804
2025-11-13,19M,3.441209151542331
2025-11-13,20M,3.427799395414912
2025-11-13,21M,3.415544585067558
2025-11-13,22M,3.405375227429264
2025-11-13,23M,3.397321603152641
2025-11-13,24M,3.390242331796245
2025-11-13,25M,3.381592773703854
2025-11-13,26M,3.373563534227005
2025-11-13,27M,3.36678566853225
2025-11-13,28M,3.3619748559663
2025-11-13,29M,3.357738241794012
2025-11-13,30M,3.354443143712083
2025-11-13,31M,3.35230837442921
2025-11-13,32M,3.350870318431296
2025-11-13,33M,3.350119959621071
2025-11-13,34M,3.350084487711213
2025-11-13,35M,3.350638599292519
2025-11-13,3Y,3.351778305976103
2025-11-13,4Y,3.368101150980873
2025-11-13,5Y,3.406398203362773
2025-11-13,6Y,3.460693576837413
2025-11-13,7Y,3.520401646482094
2025-11-13,8Y,3.577436303385185
2025-11-13,9Y,3.633217114520525
2025-11-13,10Y,3.68779056444603
2025-11-13,11Y,3.740521291914259
2025-11-13,12Y,3.792963400974289
2025-11-13,13Y,3.840336260021445
2025-11-13,14Y,3.880898946296826
2025-11-13,15Y,3.915795842466465
2025-11-13,16Y,3.945734469998788
2025-11-13,17Y,3.970248353483743
2025-11-13,18Y,3.990855444944217
2025-11-13,19Y,4.008448584309461
2025-11-13,20Y,4.017786458250108
2025-11-13,21Y,4.021086834566991
2025-11-13,22Y,4.023698872790227
2025-11-13,23Y,4.025618931908608
2025-11-13,24Y,4.026839251652242
2025-11-13,25Y,4.027242647973465
2025-11-13,26Y,4.02517641889943
2025-11-13,27Y,4.019628456140309
2025-11-13,28Y,4.011735939008952
2025-11-13,29Y,4.002843049602241
2025-11-13,30Y,3.994105130738793
2025-11-13,31Y,3.984964064695103
2025-11-13,32Y,3.974340137835447
2025-11-13,33Y,3.962825113860239
2025-11-13,34Y,3.951099728047407
2025-11-13,35Y,3.939742619082086
2025-11-13,36Y,3.92917130418414
2025-11-13,37Y,3.918802301773408
2025-11-13,38Y,3.90836162073883
2025-11-13,39Y,3.897716188681265
2025-11-13,40Y,3.886723856521586
2025-11-13,41Y,3.87566999975784
2025-11-13,42Y,3.865000624811167
2025-11-13,43Y,3.854389519989084
2025-11-13,44Y,3.843569165304815
2025-11-13,45Y,3.832547664447652
2025-11-13,46Y,3.821158388321948
2025-11-13,47Y,3.809038037827693
2025-11-13,48Y,3.796382981733696
2025-11-13,49Y,3.782878139092258
2025-11-13,50Y,3.768154807789351
2025-11-14,1W,3.984739560793535
2025-11-14,2W,3.975849048825203
2025-11-14,3W,3.984225918537569
2025-11-14,1M,3.975122526925438
2025-11-14,2M,3.935190187179054
2025-11-14,3M,3.892052455176908
2025-11-14,4M,3.867591985927203
2025-11-14,5M,3.835763127626731
2025-11-14,6M,3.804537280186477
2025-11-14,7M,3.778574908963665
2025-11-14,8M,3.746414434361187
2025-11-14,9M,3.712179152833134
2025-11-14,10M,3.682353730107529
2025-11-14,11M,3.652742754212103
2025-11-14,12M,3.620800703553158
2025-11-14,13M,3.5874627466365
2025-11-14,14M,3.554498923394162
2025-11-14,15M,3.523906348867984
2025-11-14,16M,3.502238581318692
2025-11-14,17M,3.481275202495451
2025-11-14,18M,3.463111773765695
2025-11-14,19M,3.446864009326991
2025-11-14,20M,3.433218673778613
2025-11-14,21M,3.420214268679024
2025-11-14,22M,3.410306032564991
2025-11-14,23M,3.401535814238883
2025-11-14,24M,3.393884499926494
2025-11-14,25M,3.384572302336322
2025-11-14,26M,3.376244669969496
2025-11-14,27M,3.369533409256507
2025-11-14,28M,3.364544490631618
2025-11-14,29M,3.360439078944859
2025-11-14,30M,3.357433430865277
2025-11-14,31M,3.355478186656732
2025-11-14,32M,3.354351646238743
2025-11-14,33M,3.353965421898837
2025-11-14,34M,3.354285973822856
2025-11-14,35M,3.355278967889451
2025-11-14,3Y,3.35669954030989
2025-11-14,4Y,3.376356352638606
2025-11-14,5Y,3.41771746607976
2025-11-14,6Y,3.472967361876702
2025-11-14,7Y,3.533478318242106
2025-11-14,8Y,3.593498578631888
2025-11-14,9Y,3.652220082160324
2025-11-14,10Y,3.707331620664832
2025-11-14,11Y,3.759901785469416
2025-11-14,12Y,3.812650845928333
2025-11-14,13Y,3.860079481574694
2025-11-14,14Y,3.901357237452322
2025-11-14,15Y,3.937169675131015
2025-11-14,16Y,3.96779853986987
2025-11-14,17Y,3.992833693575423
2025-11-14,18Y,4.013771161859136
2025-11-14,19Y,4.031390247621373
2025-11-14,20Y,4.041225124199217
2025-11-14,21Y,4.045085857170623
2025-11-14,22Y,4.048100145699763
2025-11-14,23Y,4.050431398249937
2025-11-14,24Y,4.05182468582502
2025-11-14,25Y,4.052332726643986
2025-11-14,26Y,4.050380824771032
2025-11-14,27Y,4.045103646618029
2025-11-14,28Y,4.037727037324389
2025-11-14,29Y,4.02919602643141
2025-11-14,30Y,4.02091981675453
2025-11-14,31Y,4.011908525929991
2025-11-14,32Y,4.001210295235374
2025-11-14,33Y,3.989594008966639
2025-11-14,34Y,3.977797376957691
2025-11-14,35Y,3.966567587917745
2025-11-14,36Y,3.955996081884029
2025-11-14,37Y,3.945554562367582
2025-11-14,38Y,3.935033651143806
2025-11-14,39Y,3.924413751921513
2025-11-14,40Y,3.913465028297078
2025-11-14,41Y,3.902497634006397
2025-11-14,42Y,3.891728209319586
2025-11-14,43Y,3.881059739865441
2025-11-14,44Y,3.870339637532664
2025-11-14,45Y,3.859248324956665
2025-11-14,46Y,3.847796153864838
2025-11-14,47Y,3.835870344442581
2025-11-14,48Y,3.823154198009034
2025-11-14,49Y,3.809541135264062
2025-11-14,50Y,3.794815021737483
